timestamp,signal
0,311
10,315
20,317
30,316
40,317
51,321
62,321
72,325
82,323
93,328
103,324
113,324
123,328
135,326
145,332
155,326
165,331
176,330
187,330
197,330
207,328
218,329
228,327
238,331
249,329
260,331
270,330
280,332
290,335
302,332
312,329
322,330
332,335
343,338
354,337
364,341
374,340
385,342
395,343
405,343
416,342
427,349
437,348
447,348
457,348
468,349
479,352
489,351
499,354
509,353
520,351
531,352
541,353
551,355
562,357
572,353
583,354
593,352
604,355
614,385
624,424
634,447
646,456
656,451
666,443
676,432
687,430
698,422
708,415
718,409
729,397
739,394
749,379
760,366
771,361
781,360
791,357
801,352
813,347
823,346
833,341
843,346
854,350
865,361
875,371
885,371
896,375
906,374
916,373
927,371
937,373
948,374
958,381
968,388
979,400
990,416
1000,431
1010,443
1020,460
1032,479
1042,502
1052,523
1062,541
1074,557
1084,568
1094,579
1104,583
1115,589
1126,588
1136,587
1146,588
1157,592
1168,593
1178,597
1188,596
1199,594
1209,596
1220,596
1230,601
1241,602
1251,604
1262,600
1272,602
1283,589
1293,571
1304,558
1314,547
1325,529
1335,523
1345,517
1356,519
1367,522
1377,524
1387,525
1398,523
1409,516
1419,507
1429,484
1440,460
1451,429
1461,393
1471,357
1481,329
1492,298
1503,270
1513,242
1523,223
1534,201
1545,187
1555,174
1565,161
1576,151
1587,142
1597,133
1607,126
1617,120
1629,113
1639,111
1649,103
1659,107
1671,109
1681,111
1691,115
1701,110
1712,112
1723,115
1733,116
1743,116
1754,122
1765,120
1775,120
1785,123
1796,145
1807,158
1817,167
1827,181
1838,194
1848,210
1859,220
1869,232
1880,241
1890,254
1901,269
1911,281
1922,293
1932,302
1943,312
1953,315
1964,325
1974,324
1984,334
1995,338
2006,346
2016,353
2026,368
2037,370
2048,387
2058,401
2068,414
2079,435
2089,443
2100,452
2110,459
2120,468
2131,475
2142,483
2152,494
2162,495
2173,502
2184,512
2194,516
2204,522
2215,529
2226,535
2236,536
2246,543
2256,551
2268,556
2278,558
2288,563
2298,560
2310,564
2320,561
2330,566
2340,568
2351,570
2362,566
2372,560
2382,554
2393,545
2404,532
2414,522
2424,505
2435,487
2446,470
2456,452
2466,438
2477,421
2487,403
2498,391
2508,377
2519,362
2529,345
2540,336
2550,321
2561,306
2571,291
2582,276
2592,268
2603,261
2613,253
2623,244
2634,235
2644,231
2655,219
2665,216
2676,209
2686,205
2697,196
2707,191
2718,194
2728,187
2739,181
2749,179
2759,178
2770,173
2781,169
2791,171
2801,168
2812,162
2823,163
2833,161
2843,163
2853,163
2865,167
2875,174
2885,183
2895,183
2907,187
2917,193
2927,196
2937,202
2949,202
2959,208
2969,209
2979,215
2990,211
3001,213
3011,218
3021,219
3032,225
3043,227
3053,232
3063,237
3074,240
3085,241
3095,247
3105,245
3116,248
3126,249
3137,250
3147,254
3158,266
3168,273
3179,284
3189,296
3200,300
3210,304
3221,312
3231,320
3241,330
3252,339
3262,347
3273,360
3283,369
3294,383
3304,391
3315,399
3325,401
3336,415
3346,423
3357,426
3367,427
3378,429
3388,425
3398,416
3409,402
3420,387
3430,370
3440,355
3451,344
3462,326
3472,304
3482,283
3492,260
3504,243
3514,227
3524,217
3534,211
3546,210
3556,207
3566,206
3576,205
3588,201
3598,202
3608,198
3618,200
3629,201
3640,201
3650,206
3660,206
3671,206
3682,204
3692,202
3702,209
3713,204
3724,206
3734,208
3744,209
3755,210
3765,212
3776,215
3786,214
3796,219
3807,216
3818,222
3828,214
3838,219
3849,219
3860,223
3870,226
3880,230
3891,233
3901,233
3912,235
3922,234
3933,240
3943,243
3954,242
3964,246
3975,248
3985,248
3995,247
4006,244
4017,240
4027,238
4037,228
4048,227
4059,218
4069,213
4079,209
4090,213
4101,210
4111,219
4121,227
4131,245
4143,259
4153,274
4163,289
4173,303
4185,316
4195,330
4205,340
4215,348
4227,360
4237,370
4247,377
4257,380
4268,388
4279,390
4289,396
4299,394
4310,395
4321,391
4331,394
4341,391
4352,390
4363,387
4373,387
4383,387
16506,342
16518,340
16529,338
16540,341
16551,340
16564,342
16575,341
16586,342
16598,342
16609,340
16620,343
16632,341
16644,339
16655,341
16666,340
16677,341
16632,341
16644,339
16655,341
16666,340
16677,341
16632,341
16644,339
16655,341
16666,340
16677,341
16689,340
16701,341
16712,340
16723,340
16735,344
16746,340
16757,342
16770,340
16781,337
16792,335
16803,334
16815,337
16827,340
16838,338
16849,347
16861,340
16872,342
16883,341
16896,342
16907,341
16918,343
16929,340
16941,343
16952,340
16964,338
16975,340
16987,336
16998,338
17009,339
17020,331
17033,333
17044,328
17055,336
17067,332
17078,333
17089,336
17101,339
17113,342
17124,337
17135,344
17146,344
17159,342
17170,345
17181,351
17192,338
17204,350
17215,348
17227,340
17239,358
17250,328
17261,356
17272,342
17284,343
17296,349
17307,338
17318,360
17330,330
17341,353
17352,351
17364,352
17376,348
17387,357
17398,351
17410,362
17421,361
17433,356
17444,362
17456,361
17467,358
17478,354
17489,368
17502,358
17513,347
17524,355
17536,357
17547,355
17559,359
17570,350
17582,355
17593,342
17604,362
17615,349
17628,346
17639,349
17650,348
17661,342
17673,349
17684,343
17696,337
17708,346
17719,338
17730,340
17741,340
17753,338
17765,340
17776,335
17787,335
17799,336
17810,331
17821,332
17833,330
17845,332
17856,333
17867,333
17879,333
17891,334
17902,333
17913,330
17925,331
17936,331
17947,335
17959,330
17971,329
17982,329
17993,327
18004,331
18016,331
18028,327
18039,330
18051,326
18062,333
18073,326
18084,333
18097,322
18108,329
18119,322
18130,317
18142,325
18153,319
18165,300
18177,324
18188,324
18199,299
18210,309
18222,316
18234,302
18245,322
18256,322
18268,315
18279,305
18291,323
18302,317
18314,332
18325,307
18336,319
18348,315
18360,317
18371,328
18382,317
18394,316
18405,323
18416,320
18428,306
18440,327
18451,322
18462,327
18473,331
18485,317
18497,326
18508,335
18520,313
18531,335
18542,332
18553,327
18566,324
18577,338
18588,338
18599,343
18611,332
18623,342
18634,350
18646,340
18657,351
18668,340
18679,356
18692,359
18703,358
18714,354
18725,366
18737,364
18748,355
18760,369
18771,366
18783,379
18794,372
18805,376
18817,380
18829,377
18840,381
18851,381
18863,384
18874,383
18885,390
18897,389
18909,392
18920,393
18931,391
18942,408
18954,407
18966,408
18977,411
18989,409
19000,410
19011,408
19023,410
19035,412
19046,406
19057,416
19068,407
19080,410
19092,408
19103,410
19115,407
19126,411
19137,403
19148,406
19161,411
19172,402
19183,411
19194,400
19206,409
19217,417
19229,409
19240,410
19252,412
19263,400
19274,430
19286,412
19298,423
19309,409
19320,417
19332,407
19343,423
19355,412
19366,408
19378,419
19389,406
19400,411
19411,404
19424,410
19435,409
19446,399
19458,406
19469,400
19480,394
19492,392
19504,397
19515,385
19526,387
19537,370
19549,388
19561,365
19572,376
19584,365
19595,360
19606,353
19617,352
19630,352
19641,345
19652,351
19663,341
19675,346
19686,338
19698,329
19709,341
19721,335
19732,324
19743,320
19756,323
19767,319
19778,319
19789,317
19801,315
19812,307
19824,303
19835,308
19847,304
19858,300
19869,287
19880,303
19893,295
19904,292
19915,292
19927,286
19938,296
19949,282
19961,289
19973,284
19984,282
19995,276
20006,281
20018,281
20030,268
20041,274
20052,278
20064,266
20075,273
20087,272
20099,267
20110,264
20121,265
20132,263
20144,263
20156,258
20167,257
20178,263
20190,256
20201,257
20212,256
20225,257
20236,256
20247,231
20258,265
20270,256
20281,250
20293,252
20304,251
20316,256
20327,254
20338,250
20349,247
20362,256
20373,254
20384,253
20396,256
20407,256
20418,252
20430,250
20442,258
20453,257
20464,263
20475,259
20488,257
20499,268
20510,261
20521,265
20533,258
20544,271
20556,269
20568,270
20579,275
20590,274
20601,277
20613,277
20625,281
20636,283
20647,283
20659,285
20670,293
20681,286
20694,293
20705,291
20716,292
20727,299
20739,297
20750,302
20762,305
20773,308
20785,307
20796,308
20807,304
20819,311
20831,311
20842,312
20853,317
20865,311
20876,322
20888,315
20899,322
20911,326
20922,324
20933,322
20944,331
20957,325
20968,332
20979,332
20990,332
21002,335
21013,333
21025,328
21037,329
21048,335
21059,333
21070,338
21082,338
21094,338
21105,340
21116,341
21128,348
21139,346
21150,352
21163,352
21174,352
21185,356
21196,355
21208,356
21220,358
21231,351
21242,360
21254,354
21265,354
21276,353
21288,356
21300,352
21311,364
21322,350
21334,380
21345,363
21357,376
21368,371
21380,388
21391,380
21402,389
21413,388
21426,412
21437,400
21448,393
21459,395
21471,421
21482,396
21494,412
21506,413
21517,399
21528,410
21539,391
21552,406
21563,404
21574,391
21585,390
21597,398
21608,381
21620,392
21632,362
21643,395
21654,372
21665,376
21677,366
21689,368
21700,365
21711,364
21723,355
21734,362
21745,360
21757,353
21769,362
21780,340
21791,333
21803,354
21814,344
21826,337
21837,344
21849,337
21860,336
21871,334
21882,332
21895,331
21906,333
21917,329
21928,330
21940,323
21952,324
21963,320
21975,322
21986,319
21997,317
22008,315
22021,306
22032,316
22043,310
22054,311
22066,305
22077,307
22089,305
22100,300
22112,299
22123,297
22134,293
22146,287
22158,282
22169,288
22180,307
22192,273
22203,290
22214,303
22226,267
22238,279
22249,280
22260,293
22272,270
22284,274
22295,296
22306,281
22318,289
22329,283
22340,298
22352,288
22364,293
22375,293
22386,290
22397,296
22409,295
22421,296
22432,293
22444,296
22455,292
22466,296
22477,289
22490,302
22501,293
22512,301
22523,300
22535,312
22546,294
22558,299
22569,300
22581,290
22592,309
22603,297
22615,308
22627,315
22638,321
22649,303
22661,307
22672,315
22684,315
22695,309
22707,318
22718,328
22729,313
22740,332
22753,324
22764,323
22775,321
22787,323
22798,330
22809,328
22821,323
22833,331
22844,332
22855,332
22866,334
22878,334
22890,339
22901,337
22913,341
22924,343
22935,343
22946,342
22959,345
22970,350
22981,352
22992,353
23004,355
23016,361
23027,361
23038,366
23050,372
23061,376
23072,385
23085,391
23096,395
23107,401
23118,400
23130,406
23141,410
23153,415
23164,424
23176,418
23187,432
23198,430
23209,440
23222,432
23233,448
23244,440
23256,461
23267,465
23278,475
23290,480
23302,482
23313,496
23324,493
23335,513
23347,504
23359,533
23370,528
23382,538
23393,521
23404,560
23416,523
23428,532
23439,547
23450,513
23461,540
23473,510
23485,529
23496,521
23507,510
23519,502
23530,508
23541,490
23554,490
23565,478
23576,483
23587,478
23599,458
23610,475
23622,446
23633,456
23645,449
23656,443
23667,440
23678,421
23691,420
23702,418
23713,410
23725,400
23736,400
23748,388
23759,377
23771,384
23782,366
23793,368
23804,355
23817,360
23828,344
23839,339
23851,341
23862,329
23873,323
23885,319
23897,310
23908,304
23919,308
23930,300
23942,293
23954,295
23965,281
23976,296
23988,281
23999,280
24010,278
24023,273
24034,272
24045,263
24056,261
24068,259
24079,254
24091,251
24102,248
24114,241
24125,243
24136,235
24148,234
24160,231
24171,236
24182,225
24194,218
24205,225
24217,196
24228,256
24240,230
24251,209
24262,222
24273,211
24286,253
24297,243
24308,225
24320,223
24331,234
24342,250
24354,245
24366,232
24377,239
24388,242
24399,250
24411,224
24423,249
24434,230
24445,233
24457,256
24468,242
24480,234
24492,242
24503,253
24514,229
24525,254
24537,234
24549,241
24560,246
24571,242
24583,249
24594,250
24605,246
24617,250
24629,254
24640,252
24651,253
24663,250
24674,264
24686,259
24697,258
24709,271
24720,271
24731,257
24742,286
24755,257
24766,288
24777,270
24788,270
24800,288
24811,281
24823,292
24835,293
24846,294
24857,294
24868,289
24881,294
24892,296
24903,292
24914,295
24926,293
24937,296
24949,297
24961,292
24972,294
24983,291
24994,292
25006,294
25018,292
25029,293
25040,293
25052,295
25063,296
25074,296
25086,296
25098,300
25109,298
25120,302
25132,300
25143,304
25155,304
25166,308
25178,307
25189,306
25200,311
25212,312
25224,310
25235,311
25246,316
25257,312
25269,311
25281,319
25292,314
25304,321
25315,310
25326,317
25337,316
25350,308
25361,343
25372,323
25383,340
25395,337
25406,359
25418,353
25430,357
25441,361
25452,366
25463,367
25475,380
25487,374
25498,370
25509,366
25521,371
25532,378
25543,373
25555,373
25567,370
25578,374
25589,366
25601,363
25613,364
25624,373
25635,352
25647,358
25658,356
25669,359
25681,353
25693,343
25704,362
25715,349
25726,357
25738,349
25750,356
25761,350
25773,345
25784,344
25795,337
25806,352
25819,343
25830,341
25841,349
25852,337
25864,343
25875,338
25887,337
25899,335
25910,335
25921,334
25932,331
25945,331
25956,327
25967,338
25978,328
25990,332
26001,328
26013,328
26024,329
26036,327
26047,325
26058,323
26070,322
26082,323
26093,323
26104,320
26116,322
26127,322
26138,322
26150,318
26162,317
26173,313
26184,315
26195,316
26207,303
26219,303
26230,325
26242,315
26253,300
26264,317
26275,307
26288,303
26299,340
26310,312
26321,312
26333,327
26345,312
26356,318
26368,310
26379,325
26390,330
26401,293
26414,304
26425,324
26436,309
26447,317
26459,300
26470,320
26482,314
26493,308
26505,322
26516,317
26527,313
26539,318
26551,310
26562,315
26573,322
26585,316
26596,308
26607,309
26619,315
26631,309
26642,313
26653,307
26664,308
26677,321
26688,305
26699,312
26711,322
26722,317
26733,321
26745,314
26757,316
26768,331
26779,321
26790,320
26802,330
26814,303
26825,343
26836,319
26848,330
26859,334
26870,338
26883,332
26894,326
26905,337
26916,324
26928,321
26939,331
26951,337
26962,330
26974,334
26985,332
26996,333
27008,332
27020,331
27031,331
27042,331
27054,332
27065,332
27077,334
27088,333
27100,335
27111,333
27122,335
27133,339
27146,336
27157,340
27168,337
27180,337
27191,339
27202,341
27214,338
27226,338
27237,335
27248,338
27259,337
27271,333
27283,340
27294,340
27305,338
27317,338
27328,336
27339,333
27352,332
27363,334
27374,333
27385,327
27397,342
27409,344
27420,338
27431,338
27443,354
27454,345
27465,367
27478,359
27489,380
27500,364
27511,389
27523,376
27534,390
27546,386
27557,386
27569,394
27580,386
27591,390
27602,388
27615,388
27626,380
27637,376
27649,380
27660,379
27671,372
27683,375
27695,370
27706,371
27717,367
27728,356
27740,362
27752,360
27763,360
27774,354
27786,360
27797,357
27809,354
27821,350
27832,352
27843,347
27854,340
27866,352
27878,334
27889,351
27900,339
27912,333
27923,346
27934,330
27947,345
27958,332
27969,335
27980,340
27992,335
28003,339
28015,335
28026,335
28038,335
28049,331
28060,332
28071,325
28084,332
28095,327
28106,328
28118,322
28129,332
28141,321
28152,328
28164,320
28175,320
28186,326
28197,320
28210,316
28221,322
28232,317
28243,313
28255,316
28266,312
28278,312
28290,313
28301,309
28312,304
28323,305
28335,299
28347,301
28358,302
28369,280
28381,317
28392,287
28403,302
28416,307
28427,299
28438,337
28449,283
28461,319
28472,315
28484,305
28495,314
28507,319
28518,309
28529,310
28541,316
28553,311
28564,319
28575,318
28587,316
28598,305
28610,317
28621,316
28633,316
28644,311
28655,317
28666,315
28679,313
28690,313
28701,320
28712,313
28724,317
28735,320
28747,322
28759,310
28770,320
28781,320
28792,322
28804,321
28816,318
28827,317
28838,322
28850,317
28861,318
28873,317
28884,323
28896,318
28907,321
28918,319
28930,320
28942,320
28953,321
28964,325
28976,323
28987,324
28998,326
29010,323
29022,323
29033,319
29044,319
29056,325
29067,323
29079,324
29090,331
29102,328
29113,325
29124,327
29135,329
29148,331
29159,329
29170,330
29181,340
29193,327
29204,341
29216,333
29228,330
29239,340
29250,334
29261,338
29274,335
29285,336
29296,335
29307,336
29319,333
29330,335
29342,335
29353,334
29365,333
29376,334
29387,333
29399,332
29411,332
29422,333
29433,330
29445,337
29456,333
29467,325
29479,340
29491,330
29502,332
29513,334
29524,325
29536,331
29548,332
29559,337
29571,331
29582,336
29593,327
29605,341
29617,341
29628,335
29639,351
29650,338
29662,354
29674,354
29685,370
29697,358
29708,355
29719,370
29730,362
29743,383
29754,359
29765,372
29776,396
29788,378
29799,375
29811,382
29822,385
29834,370
29845,399
29856,376
29868,379
29880,381
29891,373
29902,388
29914,360
29925,369
29936,369
29948,378
29960,368
29971,369
29982,367
29993,353
30006,373
30017,362
30028,355
30040,352
30051,363
30062,343
30074,360
30086,351
30097,343
30108,354
30119,338
30131,344
30143,359
30154,322
30166,347
30177,334
30188,332
30199,339
30212,334
30223,327
30234,335
30245,328
30257,330
30268,323
30280,324
30291,319
30303,320
30314,317
30325,314
30338,314
30349,304
30360,306
30371,299
30383,291
30394,295
30406,295
30417,296
30429,301
30440,301
30451,300
30462,310
30475,303
30486,301
30497,301
30509,304
30520,302
30531,301
30543,299
30555,297
30566,296
30577,293
30588,295
30600,291
30612,273
30623,305
30635,278
30646,304
30657,279
30668,292
30681,305
30692,293
30703,309
30714,296
30726,311
30738,304
30749,309
30760,301
30772,312
30783,306
30794,308
30807,300
30818,314
30829,303
30840,306
30852,303
30863,314
30875,305
30886,306
30898,308
30909,311
30920,307
30931,310
30944,311
30955,312
30966,309
30978,314
30989,314
31000,312
31012,315
31024,311
31035,313
31046,315
31057,314
31070,317
31081,314
31092,318
31104,321
31115,315
31126,319
31138,319
31150,321
31161,321
31172,322
31183,324
31195,324
31207,324
31218,323
31229,325
31241,326
31252,323
31263,327
31276,326
31287,328
31298,329
31309,327
31321,329
31332,327
31344,329
31355,329
31367,331
31378,330
31389,331
31400,332
31413,331
31424,328
31435,322
31447,326
31458,330
31470,331
31481,329
31493,332
31504,330
31515,332
31526,331
31539,334
31550,333
31561,333
31572,334
31584,333
31595,333
31607,334
31619,334
31630,333
31641,335
31652,335
31664,335
31676,337
31687,337
31698,336
31710,338
31721,335
31732,335
31745,336
31756,335
31767,332
31778,336
31790,333
31802,337
31813,334
31824,332
31836,333
31847,335
31858,333
31870,335
31882,332
31893,338
31904,334
31916,333
31927,335
31939,328
31950,329
31962,328
31973,325
31984,317
31995,328
32008,322
32019,324
32030,321
32041,330
32053,328
32064,332
32076,334
32088,333
32099,340
32110,337
32121,337
32133,341
32145,344
32156,347
32167,348
32179,335
32190,357
32202,341
32214,344
32225,360
32236,372
32247,349
32259,374
32271,362
32282,367
32293,376
32305,369
32316,375
32327,378
32339,375
32351,372
32362,374
32373,371
32385,369
32396,377
32408,363
32419,372
32431,356
32442,363
32453,370
32464,360
32477,359
32488,362
32499,354
32510,352
32522,355
32534,349
32545,349
32557,343
32568,353
32579,337
32590,355
32603,330
32614,347
32625,334
32636,338
32648,337
32659,329
32671,333
32683,329
32694,331
32705,327
32716,325
32728,323
32740,322
32751,321
32762,320
32774,319
32785,317
32796,318
32808,320
32820,316
32831,320
32842,321
32854,320
32865,323
32877,319
32888,318
32900,318
32911,312
32922,310
32934,305
32946,303
32957,308
32968,310
32979,310
32991,308
33003,310
33014,305
33026,306
33037,301
33048,302
33059,303
33072,303
33083,287
33094,304
33105,283
33117,281
33128,283
33140,270
33152,269
33163,261
33174,280
33185,273
33197,283
33209,291
33220,309
33231,307
33243,315
33254,319
33266,326
33277,324
33289,345
33300,327
33311,341
33323,343
33335,341
33346,353
33357,347
33369,350
33380,352
33391,354
33403,361
33415,359
33426,365
33437,362
33448,362
33460,350
33472,337
33483,323
33495,317
33506,324
33517,316
33528,321
33541,328
33552,325
33563,336
33574,347
33586,359
33597,363
33609,374
33620,379
33632,380
33643,383
33654,387
33667,398
33678,384
33689,392
33700,387
33712,387
33723,390
33735,395
33746,395
33758,401
33769,406
33780,406
33792,404
33804,412
33815,408
33826,410
33838,409
33849,410
33860,407
33872,406
33884,405
33895,402
33906,399
33917,398
33929,399
33941,398
33952,398
33964,397
33975,396
33986,391
33998,390
34010,389
34021,386
34032,385
34043,384
34055,383
34067,380
34078,377
34089,374
34101,370
34112,370
34123,367
34136,366
34147,367
34158,363
34169,361
34181,357
34192,357
34204,355
34215,355
34227,350
34238,351
34249,347
34260,347
34273,344
34284,345
34295,343
34307,342
34318,343
34329,343
34341,336
34353,345
34364,346
34375,344
34386,362
34399,370
34410,364
34421,373
34433,374
34444,396
34455,397
34467,408
34479,418
34490,424
34501,419
34512,433
34524,418
34536,423
34547,416
34558,431
34570,408
34581,408
34592,420
34605,414
34616,395
34627,407
34638,405
34650,381
34661,396
34673,380
34684,380
34696,374
34707,372
34718,369
34731,362
34742,356
34753,348
34764,349
34776,342
34787,335
34799,335
34810,339
34822,327
34833,325
34844,324
34855,312
34868,324
34879,313
34890,310
34902,321
34913,306
34924,300
34936,310
34948,299
34959,296
34970,300
34981,294
34993,290
35005,296
35016,289
35027,283
35039,294
35050,285
35061,282
35074,284
35085,279
35096,279
35107,278
35119,276
35131,273
35142,278
35153,264
35165,271
35176,264
35187,283
35200,272
35211,280
35222,265
35233,272
35245,270
35256,269
35268,269
35279,269
35291,267
35302,268
35313,268
35324,261
35337,262
35348,269
35359,262
35371,263
35382,253
35393,269
35405,266
35417,255
35428,270
35439,248
35450,269
35463,263
35474,263
35485,254
35496,271
35508,265
35519,270
35531,272
35543,274
35554,285
35565,287
35576,285
35588,284
35600,286
35611,282
35622,283
35634,297
35645,276
35656,295
35668,290
35680,293
35691,290
35702,286
35714,295
35725,290
35737,294
35748,287
35760,289
35771,290
35782,292
35793,296
35806,292
35817,300
35828,299
35840,294
35851,295
35863,296
35874,286
35886,283
35897,259
35908,256
35919,257
35932,259
35943,272
35954,274
35965,290
35977,297
35988,295
36000,312
36012,313
36023,308
36034,324
36045,322
36057,321
36069,333
36080,325
36091,327
36103,334
36114,332
36125,330
36137,327
36149,327
36160,339
36171,330
36183,327
36195,334
36206,331
36217,332
36229,328
36240,333
36251,333
36263,333
36275,330
36286,333
36297,328
36308,331
36320,334
36332,332
36343,330
36355,334
36366,331
36377,331
36388,331
36401,332
36412,331
36423,333
36434,334
36446,335
36457,336
36469,336
36481,336
36492,339
36503,340
36514,335
36526,335
36538,336
36549,334
36560,334
36572,336
36583,338
36595,337
36606,340
36618,350
36629,343
36640,361
36652,356
36664,367
36675,373
36686,367
36698,364
36709,389
36720,399
36732,381
36744,399
36755,402
36766,401
36777,400
36789,398
36801,401
36812,390
36824,403
36835,407
36846,398
36857,404
36870,403
36881,401
36892,396
36903,390
36915,396
36927,391
36938,378
36950,395
36961,374
36972,383
36983,373
36996,371
37007,377
37018,365
37029,364
37041,371
37052,360
37064,353
37075,356
37087,354
37098,359
37109,343
37121,351
37133,346
37144,354
37155,341
37167,342
37178,335
37189,337
37201,333
37213,330
37224,329
37235,321
37246,320
37258,314
37270,324
37281,307
37293,320
37304,315
37315,305
37327,313
37339,312
37350,304
37361,308
37372,305
37384,296
37396,298
37407,302
37419,299
37430,298
37441,295
37452,297
37465,291
37476,301
37487,291
37498,308
37510,275
37521,305
37533,302
37544,277
37556,297
37567,300
37578,301
37590,300
37602,292
37613,283
37624,310
37636,297
37647,298
37659,285
37670,310
37682,293
37693,302
37704,291
37715,303
37728,298
37739,295
37750,297
37762,301
37773,294
37784,306
37796,293
37808,310
37819,295
37830,306
37841,306
37853,301
37865,306
37876,302
37888,314
37899,307
37910,315
37921,303
37934,309
37945,313
37956,311
37967,310
37979,310
37990,317
38002,312
38013,311
38025,318
38036,312
38047,316
38060,314
38071,312
38082,318
38093,318
38105,317
38116,318
38128,320
38139,318
38151,321
38162,320
38173,320
38184,322
38197,322
38208,322
38219,324
38231,323
38242,326
38253,329
38265,328
38277,327
38288,332
38299,334
38310,334
38322,336
38334,342
38345,345
38356,345
38368,348
38379,349
38391,354
38403,356
38414,362
38425,364
38436,364
38448,372
38460,376
38471,382
38482,386
38494,393
38505,394
38516,397
38529,399
38540,408
38551,416
38562,416
38574,420
38585,425
38597,438
38608,434
38620,433
38631,445
38642,452
38653,454
38666,472
38677,475
38688,492
38700,517
38711,502
38722,539
38734,537
38746,556
38757,547
38768,564
38779,561
38792,587
38803,571
38814,589
38825,592
38837,560
38848,586
38860,578
38872,580
38883,584
38894,561
38905,572
38917,547
38929,572
38940,545
38951,557
38963,541
38974,546
38985,526
38998,536
39009,524
39020,522
39031,506
39043,511
39054,498
39066,495
39077,478
39089,483
39100,457
39111,465
39123,444
39135,444
39146,436
39157,430
39169,410
39180,418
39192,399
39203,396
39215,397
39226,381
39237,369
39248,372
39261,357
39272,358
39283,341
39294,335
39306,329
39317,335
39329,323
39341,315
39352,316
39363,308
39374,304
39386,294
39398,294
39409,283
39420,280
39432,274
39443,273
39454,268
39467,264
39478,268
39489,262
39500,261
39512,254
39524,254
39535,231
39546,257
39558,246
39569,249
39580,240
39592,254
39604,244
39615,248
39626,240
39638,247
39649,235
39661,240
39672,245
39684,241
39695,244
39706,240
39717,247
39730,239
39741,245
39752,244
39763,240
39775,245
39786,244
39798,244
39810,243
39821,248
39832,239
39843,243
39856,247
39867,246
39878,251
39889,251
39901,253
39912,248
39924,256
39936,253
39947,255
39958,255
39969,251
39981,258
39993,259
40004,258
40015,260
40027,266
40038,256
40049,261
40061,258
40073,260
40084,266
40095,269
40107,269
40118,267
40130,268
40141,272
40153,272
40164,269
40175,272
40186,274
40199,276
40210,275
40221,274
40232,277
40244,277
40256,276
40267,276
40279,280
40290,282
40301,283
40312,282
40325,286
40336,283
40347,284
40358,286
40370,285
40381,284
40393,288
40404,286
40416,286
40427,294
40438,290
40450,292
40462,294
40473,294
40484,294
40496,298
40507,294
40518,299
40530,299
40542,296
40553,301
40564,302
40576,301
40588,300
40599,302
40610,302
40622,304
40633,306
40644,308
40656,309
40668,306
40679,307
40690,310
40701,310
40713,308
40725,314
40736,302
40748,323
40759,307
40770,323
40781,310
40794,335
40805,336
40816,339
40827,344
40839,346
40850,336
40862,353
40873,336
40885,353
40896,364
40907,354
40919,351
40931,370
40942,356
40953,361
40965,362
40976,364
40988,368
40999,365
41011,339
41022,365
41033,359
41044,345
41057,363
41068,343
41079,359
41091,355
41102,339
41113,349
41125,334
41137,350
41148,338
41159,347
41170,331
41182,340
41194,321
41205,336
41217,339
41228,310
41239,336
41250,309
41263,317
41274,328
41285,318
41296,329
41308,307
41320,325
41331,319
41342,328
41354,313
41365,314
41376,321
41389,315
41400,311
41411,301
41422,314
41434,308
41445,291
41457,313
41468,287
41480,304
41491,300
41502,293
41513,302
41526,301
41537,302
41548,300
41560,295
41571,297
41582,293
41594,292
41606,287
41617,288
41628,288
41639,283
41651,282
41663,289
41674,288
41686,289
41697,291
41708,280
41720,292
41732,298
41743,292
41754,278
41765,306
41777,281
41789,294
41800,303
41811,304
41823,301
41834,291
41845,302
41858,306
41869,305
41880,300
41891,308
41903,303
41914,303
41926,313
41937,306
41949,308
41960,310
41971,307
41982,313
41995,310
42006,308
42017,318
42029,312
42040,311
42052,307
42063,321
42075,313
42086,316
42097,314
42108,312
42121,322
42132,315
42143,319
42155,314
42166,318
42177,320
42189,315
42201,321
42212,318
42223,325
42234,320
42246,324
42258,322
42269,326
42280,324
42292,326
42303,321
42314,321
42327,325
42338,326
42349,325
42360,320
42372,323
42383,325
42395,327
42406,330
42418,330
42429,332
42440,332
42452,332
42464,333
42475,332
42486,331
42498,333
42509,333
42521,336
42532,335
42544,335
42555,336
42566,338
42577,338
42590,336
42601,338
42612,339
42624,339
42635,339
42646,339
42658,339
42670,339
42681,339
42692,337
42703,342
42715,346
42727,342
42738,347
42749,349
42761,345
42772,347
42784,347
42796,343
42807,346
42818,341
42829,348
42841,344
42853,345
42864,345
42875,355
42887,347
42898,354
42909,375
42921,367
42933,380
42944,386
42955,383
42967,399
42978,396
42990,411
43001,410
43013,392
43024,434
43035,396
43046,428
43059,412
43070,411
43081,409
43092,394
43104,404
43115,391
43127,398
43139,402
43150,394
43161,401
43172,388
43185,390
43196,379
43207,385
43218,386
43230,376
43241,373
43253,376
43265,369
43276,366
43287,357
43298,369
43310,359
43322,348
43333,356
43344,349
43356,340
43367,354
43378,340
43390,334
43402,338
43413,323
43424,327
43436,323
43447,321
43459,316
43470,321
43482,317
43493,310
43504,315
43516,310
43528,312
43539,308
43550,312
43561,304
43573,302
43585,302
43596,293
43608,294
43619,288
43630,292
43641,286
43654,288
43665,287
43676,288
43687,288
43699,287
43710,292
43722,285
43734,284
43745,291
43756,282
43767,293
43779,288
43791,290
43802,298
43813,288
43825,291
43836,301
43847,295
43859,287
43871,290
43882,290
43893,299
43905,296
43917,297
43928,295
43939,306
43951,303
43962,305
43973,302
43985,308
43997,311
44008,301
44019,314
44030,309
44042,313
44054,315
44065,309
44077,319
44088,312
44099,314
44110,315
44123,325
44134,319
44145,319
44156,318
44168,323
44179,327
44191,320
44203,329
44214,310
44225,321
44236,322
44249,318
44260,318
44271,315
44282,325
44294,328
44305,328
44317,323
44328,335
44340,329
44351,334
44362,330
44374,335
44386,335
44397,336
44408,335
44420,335
44431,337
44442,338
44454,334
44466,339
44477,338
44488,339
44499,338
44511,338
44523,338
44534,349
44546,337
44557,347
44568,346
44579,350
44592,349
44603,351
44614,352
44625,352
44637,350
44649,355
44660,355
44672,362
44683,365
44694,367
44705,373
44718,370
44729,372
44740,373
44751,372
44763,373
44774,374
44786,371
44797,382
44809,372
44820,378
44831,375
44843,381
44855,373
44866,399
44877,384
44889,393
44900,400
44911,400
44923,437
44935,387
44946,455
44957,441
44968,442
44981,463
44992,449
45003,449
45015,478
45026,466
45037,444
45049,487
45061,457
45072,449
45083,473
45094,441
45106,455
45118,461
45129,435
45140,449
45152,452
45163,423
45174,450
45187,431
45198,424
45209,422
45220,412
45232,417
45243,408
45255,400
45266,399
45278,402
45289,396
45300,372
45312,404
45324,361
45335,392
45346,371
45358,368
45369,363
45381,358
45392,355
45404,350
45415,344
45426,342
45437,333
45450,326
45461,322
45472,321
45484,318
45495,312
45506,313
45518,306
45530,303
45541,304
45552,306
45563,299
45575,302
45587,292
45598,304
45609,293
45621,293
45632,287
45643,288
45656,279
45667,276
45678,278
45689,269
45701,273
45713,266
45724,266
45735,266
45747,263
45758,259
45769,256
45782,259
45793,254
45804,252
45815,245
45827,236
45838,227
45850,216
45861,215
45873,211
45884,209
45895,212
45906,223
45919,229
45930,231
45941,239
45953,242
45964,245
45975,247
45987,252
45999,259
46010,256
46021,261
46032,261
46044,266
46056,265
46067,269
46078,268
46090,270
46101,266
46113,266
46125,259
46136,253
46147,235
46158,234
46170,225
46182,227
46193,230
46204,235
46216,252
46227,265
46238,274
46251,288
46262,303
46273,314
46284,318
46296,325
46307,331
46319,334
46330,334
46342,336
46353,338
46364,335
46375,333
46388,330
46399,333
46410,334
46422,337
46433,338
46445,335
46456,338
46468,338
46479,337
46490,340
46501,339
46514,340
46525,336
46536,335
46547,339
46559,340
46570,343
46582,343
46594,341
46605,345
46616,344
46627,346
46639,347
46651,349
46662,347
46673,344
46685,347
46696,345
46707,346
46720,344
46731,345
46742,345
46753,349
46765,347
46776,339
46788,340
46799,340
46811,341
46822,343
46833,342
46845,341
46857,340
46868,341
46879,342
46891,343
46902,345
46914,344
46925,347
46937,344
46948,350
46959,349
46970,357
46983,339
46994,364
47005,353
47016,371
47028,381
47039,361
47051,394
47063,379
47074,403
47085,385
47096,415
47108,414
47120,418
47131,403
47142,436
47154,412
47165,437
47177,435
47188,421
47200,449
47211,413
47222,433
47234,421
47246,431
47257,428
47268,415
47280,430
47291,407
47302,416
47314,398
47326,417
47337,388
47348,407
47360,407
47371,373
47383,389
47394,391
47406,378
47417,367
47428,375
47439,378
47452,372
47463,364
47474,348
47485,365
47497,350
47508,364
47520,343
47532,349
47543,344
47554,337
47565,335
47578,331
47589,317
47600,329
47611,308
47623,327
47634,314
47646,317
47657,303
47669,315
47680,312
47691,317
47703,314
47715,312
47726,306
47737,307
47749,297
47760,297
47771,296
47783,299
47795,290
47806,290
47817,288
47828,280
47840,283
47852,286
47863,279
47875,257
47886,301
47897,282
47909,269
47921,306
47932,265
47943,311
47954,290
47966,287
47978,297
47989,289
48001,282
48012,290
48023,302
48034,283
48047,290
48058,287
48069,292
48080,287
48092,295
48103,294
48115,297
48126,293
48138,297
48149,297
48160,287
48172,300
48184,297
48195,294
48206,293
48218,288
48229,305
48240,291
48252,293
48264,299
48275,301
48286,297
48297,302
48310,297
48321,302
48332,303
48344,305
48355,305
48366,297
48378,312
48390,309
48401,308
48412,311
48423,313
48435,313
48447,310
48458,311
48470,313
48481,316
48492,311
48503,314
48516,314
48527,315
48538,317
48549,319
48561,315
48572,319
48584,316
48595,321
48607,320
48618,320
48629,324
48642,321
48653,326
48664,324
48675,327
48687,327
48698,331
48710,332
48721,327
48733,332
48744,332
48755,334
48766,332
48779,333
48790,335
48801,331
48813,333
48824,335
48835,334
48847,335
48859,331
48870,326
48881,333
48892,337
48904,334
48916,336
48927,338
48939,336
48950,336
48961,341
48972,337
48985,337
48996,342
49007,339
49018,342
49030,340
49042,349
49053,337
49064,337
49076,341
49087,332
49098,328
49111,334
49122,319
49133,339
49144,310
49156,337
49167,334
49179,329
49190,334
49202,350
49213,356
49224,336
49235,373
49248,361
49259,378
49270,370
49282,376
49293,368
49304,383
49316,386
49328,383
49339,397
49350,373
49361,394
49374,381
49385,387
49396,393
49408,379
49419,385
49430,371
49442,397
49454,356
49465,389
49476,356
49487,390
49499,354
49511,375
49522,359
49533,362
49545,368
49556,366
49567,352
49580,362
49591,359
49602,360
49613,359
49625,360
49636,342
49648,366
49659,337
49671,335
49682,344
49693,348
49704,346
49717,341
49728,334
49739,333
49751,340
49762,328
49774,328
49785,321
49797,329
49808,318
49819,316
49830,314
49843,318
49854,311
49865,316
49876,313
49888,309
49899,317
49911,311
49923,312
49934,305
49945,304
49956,303
49968,295
49980,299
49991,296
50002,295
50014,294
50025,292
50036,294
50049,281
50060,304
50071,288
50082,294
50094,292
50106,302
50117,293
50128,294
50140,300
50151,287
50162,305
50174,295
50186,299
50197,302
50208,301
50220,305
50231,300
50243,307
50254,303
50266,303
50277,301
50288,305
50299,311
50312,312
50323,307
50334,311
50345,313
50357,318
50368,313
50380,318
50392,319
50403,317
50414,311
50425,314
50437,317
50449,320
50460,319
50471,319
50483,323
50494,322
50506,323
50518,324
50529,329
50540,325
50551,328
50563,332
50575,330
50586,331
50597,329
50609,330
50620,331
50631,334
50643,334
50655,333
50666,332
50677,332
50689,336
50700,334
50712,337
50723,338
50735,337
50746,340
50757,339
50768,338
50781,339
50792,339
50803,339
50814,340
50826,343
50838,343
50849,339
50861,346
50872,342
50883,340
50894,339
50907,338
50918,340
50929,343
50940,339
50952,341
50963,338
50975,340
50987,338
50998,338
51009,336
51020,334
51032,343
51044,338
51055,339
51066,344
51078,342
51089,344
51100,340
51112,342
51124,339
51135,338
51146,337
51158,332
51169,324
51181,341
51192,327
51204,324
51215,322
51226,331
51238,327
51250,315
51261,321
51272,334
51283,342
51295,319
51307,357
51318,338
51330,362
51341,353
51352,375
51363,360
51376,392
51387,383
51398,406
51409,378
51421,406
51432,405
51444,375
51456,403
51467,394
51478,382
51489,424
51501,393
51513,386
51524,406
51535,390
51547,386
51558,375
51570,402
51581,371
51593,377
51604,378
51615,372
51627,361
51639,364
51650,368
51661,376
51673,368
51684,362
51695,339
51707,361
51719,359
51730,340
51741,344
51752,332
51764,356
51776,330
51787,336
51799,341
51810,312
51821,338
51832,341
51845,322
51856,333
51867,318
51878,327
51890,320
51901,322
51913,318
51924,319
51936,319
51947,310
51958,305
51971,302
51982,307
51993,305
52004,299
52016,303
52027,295
52039,295
52050,302
52062,302
52073,301
52084,298
52096,292
52108,295
52119,297
52130,293
52142,293
52153,292
52164,291
52176,291
52188,294
52199,289
52210,288
52221,286
52233,287
52245,289
52256,264
52268,300
52279,279
52290,283
52302,296
52314,286
52325,288
52336,289
52347,290
52359,285
52371,290
52382,292
52393,297
52405,292
52416,286
52427,300
52440,291
52451,294
52462,290
52473,302
52485,292
52496,299
52508,302
52519,294
52531,298
52542,303
52553,302
52564,296
52577,310
52588,307
52599,307
52611,300
52622,311
52633,314
52645,310
52657,308
52668,314
52679,316
52690,311
52703,308
52714,314
52725,314
52737,318
52748,319
52759,318
52771,318
52783,318
52794,319
52805,319
52816,318
52828,321
52840,322
52851,324
52862,321
52874,323
52885,324
52896,328
52909,326
52920,328
52931,325
52942,329
52954,331
52965,331
52977,330
52988,331
53000,330
53011,330
53022,331
53035,332
53046,332
53057,333
53068,332
53080,334
53091,335
53103,337
53114,334
53126,336
53137,334
53148,335
53159,335
53172,338
53183,338
53194,334
53206,340
53217,339
53228,340
53240,338
53252,338
53263,339
53274,343
53285,336
53297,340
53309,334
53320,337
53331,333
53343,340
53354,331
53365,338
53378,329
53389,340
53400,328
53411,333
53423,330
53435,318
53446,337
53457,354
53469,324
53480,357
53491,351
53504,362
53515,368
53526,342
53537,381
53549,376
53560,381
53572,369
53583,413
53595,367
53606,409
53617,380
53628,398
53641,389
53652,382
53663,391
53675,376
53686,387
53697,379
53709,385
53721,376
53732,372
53743,369
53754,372
53767,355
53778,376
53789,363
53800,352
53812,358
53823,359
53835,364
53847,356
53858,351
53869,354
53880,350
53892,351
53904,338
53915,343
53926,343
53938,347
53949,356
53960,332
53972,341
53984,335
53995,331
54006,332
54018,327
54029,331
54041,321
54052,320
54064,319
54075,318
54086,315
54097,315
54110,313
54121,305
54132,306
54144,303
54155,301
54167,299
54178,293
54190,298
54201,294
54212,291
54223,292
54236,295
54247,288
54258,293
54269,290
54281,284
54292,281
54304,270
54316,260
54327,249
54338,244
54349,242
54361,244
54373,253
54384,255
54395,274
54407,266
54418,278
54429,294
54441,289
54453,304
54464,302
54475,308
54487,317
54499,313
54510,319
54521,316
54533,317
54544,322
54555,320
54567,322
54579,316
54590,324
54601,320
54612,318
54624,324
54636,323
54647,320
54659,322
54670,321
54681,328
54692,325
54705,330
54716,322
54727,329
54738,320
54750,327
54761,324
54773,327
54785,324
54796,324
54807,327
54818,325
54830,324
54842,319
54853,328
54864,328
54876,322
54887,323
54899,325
54910,321
54922,326
54933,324
54944,326
54956,324
54968,326
54979,326
54990,327
55002,329
55013,319
55024,320
55036,315
55048,320
55059,317
55070,320
55081,322
55093,322
55105,323
55116,322
55128,325
55139,322
55150,329
55161,328
55174,325
55185,324
55196,327
55207,330
55219,329
55231,333
55242,331
55254,337
55265,340
55276,346
55287,343
55300,341
55311,342
55322,342
55333,338
55345,339
55356,341
55368,339
55379,341
55391,337
55402,337
55413,340
55425,338
55437,342
55448,336
55459,336
55471,337
55482,341
55493,328
55505,341
55517,320
55528,333
55539,334
55550,310
55562,323
55574,328
55585,334
55597,324
55608,354
55619,343
55631,354
55643,368
55654,368
55665,362
55676,383
55688,381
55700,397
55711,377
55723,394
55734,399
55745,392
55756,395
55769,417
55780,384
55791,392
55802,398
55814,389
55825,395
55837,407
55848,379
55860,400
55871,368
55882,394
55894,371
55906,386
55917,377
55928,362
55940,386
55951,366
55963,353
55974,364
55986,348
55997,358
56008,357
56019,340
56032,357
56043,342
56054,344
56066,339
56077,340
56088,333
56100,323
56112,324
56123,318
56134,311
56145,311
56157,307
56169,304
56180,304
56192,304
56203,308
56214,310
56225,305
56238,306
56249,305
56260,302
56271,299
56283,297
56294,298
56306,296
56317,294
56329,293
56340,288
56351,294
56364,294
56375,290
56386,287
56397,293
56409,263
56420,281
56432,268
56443,240
56455,312
56466,312
56477,274
56488,284
56501,287
56512,292
56523,279
56535,284
56546,287
56557,282
56569,285
56581,271
56592,290
56603,284
56614,274
56626,297
56638,286
56649,292
56660,293
56672,297
56683,289
56695,293
56707,297
56718,286
56729,306
56740,303
56752,301
56764,299
56775,304
56786,301
56798,300
56809,312
56820,311
56833,312
56844,313
56855,311
56866,314
56878,319
56889,315
56901,320
56912,321
56924,326
56935,326
56946,324
56957,332
56970,333
56981,330
56992,337
57004,337
57015,340
57026,344
57038,345
57050,349
57061,350
57072,353
57083,355
57096,357
57107,360
57118,362
57129,364
57141,368
57152,368
57164,373
57176,376
57187,378
57198,382
57209,384
57221,384
57233,386
57244,390
57255,392
57267,394
57278,396
57289,399
57302,402
57313,404
57324,405
57335,405
57347,408
57358,411
57370,410
57381,416
57393,413
57404,415
57415,418
57427,420
57439,420
57450,420
57461,422
57473,423
57484,423
57496,423
57507,423
57519,420
57530,422
57541,425
57552,426
57565,430
57576,427
57587,424
57598,424
57610,421
57621,422
57633,422
57645,415
57656,417
57667,414
57678,411
57690,409
57702,398
57713,409
57724,388
57736,403
57747,378
57758,419
57771,375
57782,424
57793,391
57804,427
57816,411
57828,429
57839,412
57850,448
57862,422
57873,446
57884,445
57896,432
57908,450
57919,454
57930,434
57942,456
57953,428
57965,447
57976,428
57988,431
57999,413
58010,442
58021,409
58034,421
58045,385
58056,422
58067,415
58079,384
58090,387
58102,395
58114,380
58125,385
58136,380
58147,366
58160,375
58171,366
58182,352
58193,361
58205,345
58216,348
58228,344
58240,331
58251,327
58262,323
58273,315
58285,310
58297,296
58308,305
58319,300
58331,305
58342,297
58353,291
58365,292
58377,296
58388,294
58399,289
58411,284
58422,281
58434,275
58445,277
58457,264
58468,270
58479,260
58490,275
58503,264
58514,237
58525,283
58536,242
58548,253
58560,256
58571,259
58583,263
58594,244
58605,263
58616,272
58629,256
58640,263
58651,262
58662,268
58674,259
58685,264
58697,264
58708,259
58720,271
58731,261
58742,263
58754,255
58766,266
58777,252
58788,256
58800,259
58811,248
58822,249
58834,242
58846,258
58857,246
58868,246
58880,244
58892,253
58903,254
58914,253
58926,250
58937,260
58948,257
58960,260
58972,258
58983,245
58994,263
59005,280
59017,274
59029,271
59040,296
59052,292
59063,283
59074,309
59085,289
59098,302
59109,310
59120,303
59131,310
59143,309
59154,301
59166,308
59177,316
59189,301
59200,312
59211,307
59223,295
59235,318
59246,311
59257,306
59269,319
59280,310
59292,321
59303,318
59315,308
59326,329
59337,306
59348,352
59361,328
59372,338
59383,347
59395,330
59406,349
59417,333
59429,338
59441,338
59452,347
59463,334
59474,363
59486,345
59498,359
59509,354
59521,355
59532,360
59543,349
59554,364
59567,346
59578,376
59589,351
59600,363
59612,352
59624,367
59635,353
59646,359
59658,355
59669,355
59680,361
59693,362
59704,369
59715,366
59726,372
59738,378
59749,372
59761,377
59772,384
59784,403
59795,404
59806,418
59817,393
59830,424
59841,435
59852,431
59864,431
59875,427
59886,430
59898,447
59910,427
59921,427
59932,432
59943,429
59955,415
59967,412
59978,425
59990,402
60001,404
60012,398
60024,400
60036,400
60047,374
60058,407
60069,364
60081,388
60093,373
60104,380
60115,379
60127,372
60138,375
60149,367
60162,363
60173,370
60184,363
60195,353
60207,367
60218,351
60230,346
60241,347
60253,352
60264,340
60275,335
60286,330
60299,340
60310,326
60321,334
60333,317
60344,305
60356,315
60367,301
60379,302
60390,290
60401,290
60412,296
60425,287
60436,297
60447,297
60459,288
60470,289
60481,285
60493,282
60505,285
60516,283
60527,271
60538,272
60550,277
60562,249
60573,263
60584,297
60596,231
60607,296
60618,244
60631,281
60642,272
60653,291
60664,267
60676,268
60687,306
60699,279
60710,286
60722,276
60733,279
60744,279
60756,280
60768,281
60779,286
60790,271
60802,285
60813,296
60825,279
60836,293
60848,287
60859,289
60870,284
60881,297
60894,289
60905,271
60916,304
60928,296
60939,289
60950,285
60962,296
60974,303
60985,291
60996,276
61007,308
61019,296
61031,296
61042,294
61053,302
61065,296
61076,302
61088,296
61100,294
61111,299
61122,308
61133,298
61145,301
61157,299
61168,299
61179,295
61191,300
61202,302
61213,305
61225,305
61237,307
61248,311
61259,312
61271,311
61282,312
61294,310
61305,310
61317,312
61328,309
61339,312
61350,308
61363,310
61374,311
61385,312
61396,314
61408,318
61419,313
61431,318
61443,317
61454,319
61465,320
61476,318
61489,322
61500,325
61511,320
61522,324
61534,325
61545,321
61557,325
61569,324
61580,326
61591,325
61602,326
61614,332
61626,332
61637,333
61648,336
61660,340
61671,337
61682,343
61694,343
61706,340
61717,343
61728,345
61740,339
61751,363
61763,345
61774,359
61786,367
61797,339
61808,369
61820,362
61832,350
61843,370
61854,393
61865,377
61877,388
61889,389
61900,394
61912,397
61923,392
61934,395
61945,403
61958,389
61969,412
61980,395
61991,394
62003,418
62014,393
62026,399
62038,399
62049,406
62060,377
62071,403
62083,398
62095,384
62106,392
62117,383
62129,370
62140,389
62151,370
62163,377
62175,372
62186,359
62197,374
62209,367
62221,354
62232,363
62243,364
62255,354
62266,347
62277,348
62289,333
62301,330
62312,324
62323,324
62334,316
62346,299
62358,286
62369,277
62381,263
62392,260
62403,261
62414,267
62427,277
62438,282
62449,294
62460,302
62472,313
62483,316
62495,313
62507,306
62518,310
62529,321
62540,313
62553,299
62564,329
62575,292
62586,311
62598,308
62609,319
62621,306
62632,322
62644,294
62655,323
62666,321
62678,308
62690,317
62701,318
62712,302
62724,326
62735,304
62746,323
62758,315
62770,317
62781,308
62792,325
62803,319
62815,311
62827,318
62838,316
62850,305
62861,312
62872,320
62883,304
62896,317
62907,312
62918,311
62929,305
62941,315
62953,308
62964,309
62976,315
62987,311
62998,309
63009,303
63022,314
63033,312
63044,311
63055,306
63067,314
63078,313
63090,312
63101,310
63113,315
63124,316
63135,313
63147,314
63159,318
63170,320
63181,319
63193,318
63204,314
63215,318
63227,317
63239,321
63250,322
63261,323
63272,322
63285,322
63296,322
63307,324
63319,323
63330,323
63341,325
63353,328
63365,326
63376,325
63387,323
63398,324
63410,328
63422,327
63433,329
63444,329
63456,329
63467,331
63478,328
63491,330
63502,329
63513,330
63524,333
63536,334
63547,333
63559,333
63570,337
63582,328
63593,336
63604,330
63616,338
63628,329
63639,332
63650,338
63662,335
63673,328
63685,325
63696,338
63708,330
63719,366
63730,337
63741,356
63754,366
63765,401
63776,366
63788,402
63799,419
63810,388
63822,421
63834,407
63845,417
63856,411
63867,423
63879,413
63891,411
63902,417
63913,417
63925,402
63936,392
63947,418
63960,392
63971,408
63982,394
63993,414
64005,368
64017,404
64028,361
64039,390
64051,362
64062,382
64073,364
64086,379
64097,379
64108,362
64119,353
64131,364
64142,353
64154,352
64165,338
64177,355
64188,338
64199,339
64210,334
64223,324
64234,321
64245,322
64257,316
64268,311
64279,316
64291,308
64303,303
64314,305
64325,296
64336,304
64348,299
64360,304
64371,301
64382,302
64394,300
64405,283
64417,290
64429,267
64440,272
64451,278
64462,253
64474,267
64486,263
64497,259
64508,284
64520,248
64531,298
64542,272
64555,287
64566,275
64577,280
64588,281
64600,277
64611,288
64623,282
64634,288
64646,283
64657,285
64668,284
64679,287
64692,280
64703,278
64714,286
64726,280
64737,283
64749,292
64760,283
64772,285
64783,291
64794,289
64805,290
64818,284
64829,294
64840,301
64851,297
64863,290
64874,303
64886,300
64898,303
64909,301
64920,303
64931,301
64943,310
64955,307
64966,304
64977,312
64989,311
65000,308
65011,312
65024,311
65035,311
65046,312
65057,306
65069,316
65080,309
65092,310
65103,315
65115,314
65126,308
65137,320
65149,314
65161,312
65172,317
65183,313
65195,321
65206,311
65218,320
65229,318
65241,323
65252,320
65263,326
65274,323
65287,321
65298,326
65309,322
65320,324
65332,325
65343,326
65355,326
65367,328
65378,329
65389,331
65400,333
65412,335
65424,333
65435,334
65446,337
65458,342
65469,341
65481,335
65492,347
65504,343
65515,351
65526,355
65538,347
65550,361
65561,329
65572,364
65584,332
65595,357
65606,354
65618,340
65630,380
65641,350
65652,372
65664,375
65675,377
65687,398
65698,384
65710,411
65721,418
65732,418
65743,414
65756,426
65767,425
65778,447
65789,426
65801,426
65812,445
65824,428
65836,436
65847,445
65858,432
65869,438
65882,436
65893,429
65904,454
65915,426
65927,429
65938,433
65950,437
65961,418
65973,427
65984,439
65995,417
66007,430
66019,422
66030,421
66041,414
66053,438
66064,407
66075,427
66087,421
66099,426
66110,417
66121,410
66132,426
66144,400
66156,405
66167,394
66179,390
66190,395
66201,403
66213,390
66225,394
66236,381
66247,384
66258,387
66270,379
66282,376
66293,394
66305,401
66316,399
66327,389
66338,388
66351,371
66362,370
66373,364
66384,359
66396,356
66407,353
66419,343
66430,312
66442,362
66453,326
66464,324
66476,351
66488,328
66499,328
66510,329
66522,327
66533,328
66544,321
66556,322
66568,324
66579,322
66590,315
66601,313
66614,321
66625,312
66636,316
66648,310
66659,310
66670,304
66682,304
66694,297
66705,295
66716,281
66727,268
66739,264
66751,261
66762,245
66774,248
66785,263
66796,261
66807,274
66820,283
66831,301
66842,304
66853,309
66865,320
66876,325
66888,323
66899,321
66911,324
66922,328
66933,324
66946,323
66957,323
66968,319
66979,322
66991,325
67002,322
67014,318
67025,321
67037,314
67048,314
67059,316
67070,310
67083,310
67094,312
67105,313
67117,306
67128,313
67139,307
67151,303
67163,303
67174,304
67185,305
67196,303
67208,306
67220,304
67231,303
67243,305
67254,297
67265,298
67276,299
67289,303
67300,296
67311,302
67322,309
67334,307
67346,310
67357,309
67368,311
67380,302
67391,303
67402,311
67415,298
67426,307
67437,310
67448,295
67460,323
67471,312
67483,328
67494,314
67506,344
67517,326
67528,357
67539,339
67552,366
67563,379
67574,337
67586,401
67597,354
67608,394
67620,365
67632,386
67643,362
67654,384
67665,351
67678,391
67689,336
67700,389
67712,332
67723,383
67734,357
67746,357
67758,352
67769,367
67780,339
67791,339
67803,352
67815,350
67826,338
67837,339
67849,346
67860,327
67871,334
67884,329
67895,326
67906,324
67917,330
67929,328
67940,328
67952,319
67963,326
67975,313
67986,320
67997,316
68008,314
68021,307
68032,323
68043,299
68055,297
68066,302
68078,295
68089,304
68101,294
68112,298
68123,289
68134,294
68147,288
68158,287
68169,287
68180,290
68192,288
68203,293
68215,289
68227,290
68238,288
68249,286
68260,291
68272,286
68284,288
68295,284
68306,294
68318,285
68329,273
68340,295
68353,284
68364,279
68375,289
68386,295
68398,279
68410,293
68421,293
68432,286
68444,290
68455,291
68466,292
68478,293
68490,288
68501,294
68512,297
68524,288
68535,293
68547,296
68558,296
68570,300
68581,300
68592,293
68603,304
68616,299
68627,298
68638,299
68649,298
68661,302
68672,306
68684,302
68696,302
68707,306
68718,308
68729,306
68741,300
68753,315
68764,311
68775,307
68787,307
68798,316
68810,314
68822,308
68833,312
68844,317
68855,315
68867,320
68879,322
68890,322
68901,322
68913,322
68924,324
68935,324
68947,329
68959,324
68970,326
68981,330
68993,332
69004,324
69016,328
69027,329
69039,335
69050,330
69061,332
69072,325
69085,340
69096,334
69107,335
69118,334
69130,330
69142,334
69153,339
69165,336
69176,338
69187,335
69198,332
69211,342
69222,339
69233,337
69244,338
69256,341
69267,341
69279,343
69291,346
69302,340
69313,354
69324,344
69336,346
69348,356
69359,348
69370,342
69382,350
69393,351
69404,344
69416,349
69428,354
69439,352
69450,362
69462,352
69473,341
69485,369
69496,333
69508,364
69519,339
69530,347
69542,352
69554,359
69565,355
69576,365
69587,395
69599,352
69611,382
69622,389
69634,379
69645,400
69656,396
69667,399
69680,422
69691,388
69702,403
69713,439
69725,404
69736,423
69748,406
69760,396
69771,412
69782,422
69793,420
69805,402
69817,414
69828,405
69839,402
69851,411
69862,393
69874,402
69885,402
69897,386
69908,386
69919,377
69931,382
69943,369
69954,372
69965,360
69977,366
69988,359
69999,361
70011,341
70023,367
70034,324
70045,356
70056,336
70068,328
70080,333
70091,330
70103,319
70114,320
70125,321
70136,308
70149,304
70160,307
70171,297
70182,303
70194,285
70205,296
70217,299
70228,292
70240,296
70251,291
70262,292
70275,290
70286,281
70297,286
70308,284
70320,279
70331,276
70343,273
70354,276
70366,264
70377,272
70388,275
70400,282
70412,270
70423,276
70434,261
70446,271
70457,270
70468,272
70480,278
70492,274
70503,278
70514,271
70525,282
70537,274
70549,274
70560,279
70572,280
70583,282
70594,283
70606,279
70618,288
70629,283
70640,284
70651,284
70663,287
70675,291
70686,295
70697,291
70709,290
70720,295
70731,292
70744,292
70755,288
70766,295
70777,301
70789,299
70800,299
70812,300
70823,304
70835,302
70846,305
70857,303
70868,307
70881,307
70892,305
70903,307
70915,309
70926,305
70937,307
70949,311
70961,309
70972,313
70983,311
70994,312
71007,312
71018,310
71029,316
71041,316
71052,314
71063,318
71075,321
71087,321
71098,324
71109,323
71120,319
71132,326
71144,319
71155,328
71166,325
71178,324
71189,320
71200,326
71213,326
71224,330
71235,331
71246,331
71258,330
71269,328
71281,334
71292,331
71304,330
71315,329
71326,335
71339,332
71350,336
71361,331
71372,335
71384,337
71395,338
71407,339
71418,347
71430,336
71441,359
71452,348
71463,347
71476,331
71487,349
71498,365
71510,359
71521,379
71532,367
71544,389
71556,406
71567,384
71578,416
71589,407
71601,404
71613,381
71624,444
71635,406
71647,416
71658,399
71669,425
71682,399
71693,421
71704,407
71715,396
71727,409
71739,409
71750,384
71761,389
71773,389
71784,389
71795,389
71808,379
71819,386
71830,352
71841,372
71853,365
71864,373
71876,355
71887,366
71899,358
71910,356
71921,342
71932,356
71945,348
71956,340
71967,336
71979,341
71990,345
72001,334
72013,332
72025,327
72036,328
72047,319
72058,327
72071,312
72082,320
72093,311
72104,312
72116,302
72127,301
72139,295
72151,301
72162,289
72173,290
72184,292
72196,285
72208,289
72219,291
72230,285
72242,284
72253,284
72264,286
72276,289
72288,286
72299,287
72310,291
72322,285
72333,291
72345,290
72356,299
72368,290
72379,291
72390,295
72401,290
72414,293
72425,289
72436,289
72448,288
72459,288
72471,285
72482,288
72494,287
72505,285
72516,286
72527,292
72540,288
72551,293
72562,287
72573,291
72585,284
72596,299
72608,289
72620,293
72631,293
72642,276
72653,276
72665,264
72677,263
72688,267
72699,274
72711,265
72722,270
72733,269
72745,276
72757,270
72768,260
72779,259
72791,256
72803,251
72814,251
72825,254
72837,268
72848,266
72859,284
72871,295
72883,301
72894,305
72905,313
72916,322
72928,328
72940,333
72951,330
72963,337
72974,339
72985,338
72996,337
73009,342
73020,342
73031,343
73042,343
73054,341
73065,342
73077,340
73089,342
73100,341
73111,343
73122,340
73134,341
73146,341
73157,342
73168,343
73180,342
73191,343
73203,340
73214,345
73226,343
73237,342
73248,343
73260,340
73272,336
73283,338
73294,339
73306,332
73317,337
73328,335
73340,332
73352,331
73363,331
73374,329
73385,335
73397,336
73409,343
73420,338
73432,344
73443,342
73454,343
73465,338
73478,346
73489,336
73500,337
73511,346
73523,340
73535,355
73546,347
73558,357
73569,350
73580,358
73591,359
73604,353
73615,364
73626,368
73637,399
73649,387
73660,387
73672,422
73683,411
73695,416
73706,426
73717,413
73729,429
73741,420
73752,444
73763,410
73775,462
73786,399
73797,449
73809,418
73821,412
73832,430
73843,407
73854,425
73866,410
73878,412
73889,399
73901,417
73912,397
73923,403
73935,393
73947,409
73958,371
73969,395
73980,384
73992,377
74004,376
74015,376
74027,343
74038,384
74049,344
74060,369
74073,345
74084,353
74095,341
74106,342
74118,333
74129,331
74141,321
74152,317
74164,312
74175,305
74186,296
74198,302
74210,297
74221,290
74232,283
74244,289
74255,286
74267,282
74278,288
74290,277
74301,277
74312,281
74323,280
74336,282
74347,277
74358,275
74370,278
74381,266
74392,275
74404,272
74416,292
74427,280
74438,290
74449,282
74461,289
74473,280
74484,285
74496,282
74507,288
74518,278
74529,275
74542,282
74553,283
74564,291
74575,291
74587,310
74598,301
74610,312
74621,313
74633,313
74644,322
74655,321
74668,324
74679,319
74690,322
74701,320
74713,318
74724,311
74736,312
74747,310
74759,309
74770,307
74781,308
74792,304
74805,304
74816,302
74827,305
74839,304
74850,308
74861,307
74873,309
74885,306
74896,313
74907,302
74918,310
74930,302
74942,305
74953,298
74964,278
74976,265
74987,248
74999,239
75011,236
75022,230
75033,227
75044,232
75056,240
75068,247
75079,258
75090,265
75102,269
75113,283
75124,282
75137,297
75148,300
75159,314
75170,314
75182,323
75193,328
75205,330
75216,335
75228,331
75239,346
75250,344
75261,342
75274,344
75285,343
75296,344
75308,344
75319,347
75330,346
75342,352
75354,349
75365,353
75376,351
75387,351
75400,351
75411,347
75422,347
75433,353
75445,348
75456,348
75468,348
75480,346
75491,347
75502,345
75513,346
75525,345
75537,351
75548,353
75559,340
75571,348
75582,347
75593,348
75606,311
75617,344
75628,338
75639,321
75651,346
75662,356
75674,330
75685,382
75697,368
75708,392
75719,386
75731,384
75743,408
75754,398
75765,402
75777,405
75788,405
75800,398
75811,406
75823,397
75834,428
75845,385
75856,401
75869,432
75880,379
75891,397
75902,410
75914,381
75925,392
75937,397
75949,372
75960,388
75971,374
75982,396
75994,377
76006,374
76017,382
76028,346
76040,390
76051,344
76062,375
76075,341
76086,366
76097,344
76108,332
76120,363
76132,318
76143,345
76154,324
76166,346
76177,323
76188,324
76200,314
76212,322
76223,318
76234,322
76246,313
76257,301
76269,307
76280,304
76292,307
76303,299
76314,303
76325,297
76338,300
76349,305
76360,300
76371,306
76383,301
76394,298
76406,298
76418,300
76429,296
76440,287
76451,295
76464,280
76475,287
76486,288
76497,283
76509,274
76520,282
76532,282
76544,276
76555,281
76566,272
76577,270
76589,271
76601,272
76612,272
76623,273
76635,263
76646,274
76657,266
76669,262
76681,256
76692,274
76703,259
76715,273
76726,267
76738,270
76749,270
76761,275
76772,267
76783,279
76794,282
76807,280
76818,282
76829,289
76840,285
76852,293
76864,293
76875,292
76887,301
76898,302
76909,295
76920,305
76933,303
76944,309
76955,307
76966,313
76978,310
76989,314
77001,317
77012,314
77024,324
77035,315
77046,324
77058,321
77070,323
77081,326
77092,327
77104,325
77115,329
77126,331
77138,326
77150,330
77161,334
77172,334
77184,332
77196,332
77207,337
77218,334
77230,337
77241,336
77252,337
77264,336
77276,336
77287,340
77298,332
77309,338
77321,334
77333,340
77344,336
77356,339
77367,335
77378,338
77389,335
77402,338
77413,340
77424,340
77435,338
77447,337
77458,331
77470,344
77481,344
77493,350
77504,358
77515,360
77527,358
77539,343
77550,377
77561,346
77573,359
77584,361
77596,356
77607,386
77619,346
77630,385
77641,356
77652,398
77665,378
77676,404
77687,395
77699,399
77710,418
77721,420
77733,401
77745,426
77756,421
77767,404
77778,419
77790,423
77802,431
77813,400
77825,422
77836,386
77847,425
77858,383
77871,420
77882,408
77893,380
77904,403
77916,391
77928,391
77939,386
77950,377
77962,368
77973,381
77984,371
77997,365
78008,352
78019,368
78030,360
78042,349
78053,354
78065,346
78076,342
78088,340
78099,326
78110,337
78121,317
78134,326
78145,308
78156,315
78168,313
78179,306
78190,303
78202,295
78214,290
78225,285
78236,284
78247,288
78259,283
78271,290
78282,285
78294,289
78305,282
78316,287
78328,287
78340,286
78351,285
78362,287
78373,288
78385,288
78397,291
78408,291
78419,290
78431,291
78442,288
78453,286
78466,285
78477,285
78488,282
78499,284
78511,284
78522,282
78534,281
78545,281
78557,283
78568,280
78579,282
78590,279
78603,281
78614,281
78625,280
78637,282
78648,281
78660,287
78671,282
78683,285
78694,285
78705,290
78716,289
78729,292
78740,295
78751,297
78763,301
78774,299
78785,302
78797,303
78809,305
78820,307
78831,308
78842,310
78854,312
78866,314
78877,313
78888,315
78900,315
78911,316
78922,319
78935,322
78946,318
78957,318
78968,316
78980,322
78991,325
79003,322
79014,326
79026,328
79037,325
79048,330
79060,330
79072,331
79083,334
79094,331
79106,336
79117,334
79129,335
79140,335
79152,334
79163,337
79174,335
79185,336
79198,340
79209,339
79220,345
79232,340
79243,340
79254,340
79266,344
79278,344
79289,342
79300,346
79311,342
79323,345
79335,347
79346,347
79357,344
79369,348
79380,352
79392,350
79404,350
79415,350
79426,354
79437,348
79449,353
79461,352
79472,350
79483,349
79495,360
79506,351
79517,348
79529,355
79541,352
79552,361
79563,328
79575,380
79586,366
79598,364
79609,388
79621,378
79632,403
79643,402
79654,396
79667,415
79678,421
79689,408
79700,420
79712,397
79723,444
79735,391
79747,413
79758,409
79769,412
79780,399
79793,408
79804,412
79815,399
79826,395
79838,385
79849,403
79861,384
79873,393
79884,370
79895,390
79906,367
79918,392
79930,359
79941,365
79952,366
79964,364
79975,355
79986,345
79998,352
80010,345
80021,338
80032,338
80044,333
80055,328
80067,323
80078,316
80090,314
80101,311
80112,301
80124,303
80136,295
80147,289
80158,284
80169,287
80181,282
80193,280
80204,285
80216,276
80227,277
80238,278
80249,269
80262,272
80273,270
80284,270
80295,276
80307,273
80318,275
80330,270
80342,280
80353,273
80364,269
80375,274
80387,270
80399,278
80410,270
80421,278
80433,276
80444,276
80455,276
80467,276
80479,279
80490,276
80501,279
80513,282
80525,282
80536,272
80547,278
80559,278
80570,275
80581,280
80593,286
80605,290
80616,290
80627,295
80638,296
80650,296
80662,296
80673,304
80685,305
80696,302
80707,309
80718,309
80731,312
80742,312
80753,316
80764,316
80776,319
80787,323
80799,318
80811,326
80822,326
80833,324
80844,325
80857,331
80868,331
80879,329
80890,329
80902,331
80913,311
80925,309
80936,291
80948,283
80959,268
80970,258
80982,257
80994,252
81005,253
81016,256
81028,259
81039,267
81050,270
81062,281
81074,285
81085,291
81096,293
81107,299
81119,304
81131,310
81142,315
81154,321
81165,327
81176,333
81187,339
81200,343
81211,343
81222,349
81233,351
81245,357
81257,357
81268,363
81280,365
81291,365
81302,363
81313,362
81326,362
81337,361
81348,363
81359,366
81371,368
81382,372
81394,374
81405,376
81417,376
81428,377
81439,381
81451,381
81463,382
81474,388
81485,385
81497,386
81508,388
81519,385
81531,385
81543,389
81554,390
81565,380
81576,392
81589,395
81600,366
81611,417
81623,374
81634,383
81645,424
81657,391
81669,424
81680,413
81691,427
81702,434
81714,440
81726,450
81737,439
81748,458
81760,463
81771,461
81782,438
81795,468
81806,426
81817,457
81828,443
81840,450
81851,427
81863,434
81874,441
81886,422
81897,437
81908,418
81920,424
81932,418
81943,395
81954,421
81966,415
81977,405
81989,391
82000,408
82012,394
82023,381
82034,396
82045,372
82058,396
82069,375
82080,375
82092,365
82103,372
82114,357
82126,361
82138,347
82149,334
82160,317
82171,304
82183,269
82195,273
82206,253
82217,242
82229,244
82240,237
82251,236
82264,240
82275,237
82286,240
82297,247
82309,258
82321,269
82332,269
82343,280
82355,294
82366,301
82377,289
82390,314
82401,328
82412,331
82423,326
82435,327
82446,347
82458,309
82469,341
82481,318
82492,325
82503,318
82514,326
82527,315
82538,312
82549,307
82561,307
82572,301
82583,308
82595,318
82607,306
82618,308
82629,322
82640,312
82652,316
82664,324
82675,305
82686,325
82698,323
82709,321
82721,325
82733,315
82744,327
82755,319
82766,312
82778,326
82790,303
82801,324
82812,319
82824,315
82835,318
82846,306
82859,356
82870,329
82881,334
82892,355
82904,327
82915,363
82927,325
82938,331
82950,339
82961,349
82972,324
82983,337
82996,328
83007,330
83018,322
83030,338
83041,317
83053,335
83064,316
83076,327
83087,333
83098,317
83109,335
83122,325
83133,334
83144,322
83155,319
83167,328
83178,318
83190,308
83202,327
83213,320
83224,314
83235,324
83247,318
83259,313
83270,317
83281,343
83293,313
83304,327
83315,325
83328,323
83339,320
83350,325
83361,325
83373,322
83384,327
83396,317
83407,320
83419,320
83430,319
83441,315
83453,330
83465,319
83476,335
83487,330
83499,345
83510,334
83522,335
83533,335
83545,339
83556,348
83567,342
83578,340
83591,353
83602,376
83613,349
83624,390
83636,364
83647,385
83659,387
83671,398
83682,409
83693,409
83704,412
83716,441
83728,418
83739,394
83750,437
83762,413
83773,406
83785,408
83796,406
83808,386
83819,391
83830,392
83842,393
83854,358
83865,406
83876,371
83888,372
83899,385
83910,365
83922,375
83934,383
83945,356
83956,364
83968,338
83979,369
83991,347
84002,353
84014,355
84025,343
84036,354
84047,337
84060,340
84071,349
84082,344
84093,339
84105,336
84116,338
84128,336
84140,308
84151,320
84162,316
84173,319
84186,318
84197,313
84208,309
84219,301
84231,293
84242,295
84254,296
84265,294
84277,290
84288,293
84299,289
84311,281
84323,281
84334,272
84345,265
84357,254
84368,240
84379,242
84391,225
84403,229
84414,226
84425,239
84436,248
84448,246
84460,255
84471,265
84483,267
84494,281
84505,285
84517,287
84529,283
84540,294
84551,303
84562,296
84574,294
84586,307
84597,310
84609,305
84620,311
84631,311
84642,322
84655,312
84666,306
84677,325
84688,326
84700,323
84711,321
84723,320
84734,328
84746,322
84757,324
84768,332
84780,332
84792,336
84803,326
84814,341
84826,341
84837,327
84848,352
84860,345
84872,348
84883,351
84894,352
84905,359
84918,358
84929,367
84940,362
84952,369
84963,372
84974,376
84986,375
84998,375
85009,380
85020,386
85031,389
85043,394
85055,400
85066,411
85078,417
85089,429
85100,431
85111,438
85124,441
85135,449
85146,451
85157,455
85169,460
85180,462
85192,463
85203,463
85215,463
85226,467
85237,461
85250,461
85261,467
85272,462
85283,461
85295,464
85306,460
85318,461
85329,459
85341,453
85352,454
85363,455
85374,454
85387,452
85398,454
85409,452
85421,447
85432,454
85443,447
85455,449
85467,446
85478,446
85489,442
85500,442
85512,438
85524,436
85535,436
85547,437
85558,436
85569,438
85580,430
85593,446
85604,448
85615,431
85626,443
85638,440
85650,439
85661,426
85672,423
85684,410
85695,428
85706,424
85719,422
85730,442
85741,410
85752,446
85764,436
85775,435
85787,424
85798,449
85810,427
85821,468
85832,415
85843,467
85856,463
85867,457
85878,430
85890,455
85901,450
85912,463
85924,461
85936,458
85947,469
85958,462
85969,468
85982,479
85993,454
86004,470
86016,459
86027,446
86038,450
86050,433
86062,429
86073,425
86084,407
86095,408
86107,407
86119,384
86130,384
86141,379
86153,371
86164,357
86175,350
86188,350
86199,338
86210,329
86221,314
86233,316
86244,305
86256,306
86267,299
86279,296
86290,291
86301,279
86312,280
86325,272
86336,272
86347,269
86359,264
86370,259
86382,259
86393,256
86405,252
86416,248
86427,245
86438,243
86451,251
86462,249
86473,250
86484,252
86496,239
86507,251
86519,243
86531,236
86542,238
86553,233
86564,239
86576,244
86588,234
86599,236
86610,234
86622,236
86633,234
86644,229
86657,235
86668,238
86679,240
86690,237
86702,235
86714,235
86725,230
86736,238
86748,237
86759,241
86770,245
86782,243
86794,240
86805,239
86816,238
86828,241
86839,232
86851,246
86862,241
86874,246
86885,238
86896,246
86907,245
86920,240
86931,250
86942,248
86953,248
86965,246
86976,249
86988,253
87000,249
87011,251
87022,255
87033,256
87045,254
87057,255
87068,256
87079,239
87091,225
87102,214
87114,185
87126,175
87137,160
87148,151
87159,150
87171,153
87183,162
87194,171
87205,185
87217,194
87228,211
87239,221
87251,226
87263,233
87274,242
87285,251
87297,260
87308,257
87320,267
87331,267
87343,273
87354,277
87365,280
87376,291
87389,288
87400,295
87411,294
87422,301
87434,294
87446,303
87457,302
87469,304
87480,308
87491,309
87502,312
87515,304
87526,307
87537,310
87548,315
87560,317
87571,324
87583,315
87595,321
87606,323
87617,322
87628,327
87640,324
87652,327
87663,333
87674,332
87686,333
87697,338
87708,343
87720,345
87732,341
87743,346
87754,345
87766,359
87777,324
87789,346
87800,364
87812,353
87823,335
87834,363
87846,351
87858,369
87869,376
87880,373
87891,355
87903,405
87915,373
87926,412
87938,394
87949,411
87960,393
87971,408
87984,424
87995,400
88006,428
88017,423
88029,409
88040,409
88052,425
88064,426
88075,406
88086,401
88097,415
88109,405
88121,396
88132,421
88143,388
88155,395
88166,393
88178,401
88189,381
88201,391
88212,379
88223,365
88235,399
88247,363
88258,366
88269,360
88281,387
88292,342
88303,356
88315,353
88327,356
88338,354
88349,343
88360,349
88372,338
88384,335
88395,330
88407,318
88418,316
88429,317
88440,303
88453,309
88464,304
88475,305
88486,303
88498,306
88509,302
88521,303
88532,305
88544,303
88555,294
88566,308
88579,294
88590,303
88601,290
88612,282
88624,300
88635,280
88647,294
88658,295
88670,296
88681,302
88692,292
88704,293
88716,298
88727,295
88738,300
88750,290
88761,293
88772,287
88784,291
88796,285
88807,285
88818,289
88829,290
88841,295
88853,292
88864,296
88876,295
88887,298
88898,293
88910,295
88922,296
88933,297
88944,301
88955,300
88967,303
88979,304
88990,305
89001,308
89013,303
89024,308
89035,311
89048,307
89059,311
89070,313
89081,312
89093,310
89104,318
89116,320
89127,318
89139,323
89150,327
89161,326
89172,320
89185,325
89196,331
89207,330
89219,331
89230,332
89241,331
89253,335
89265,332
89276,337
89287,339
89298,334
89311,333
89322,334
89333,336
89345,335
89356,340
89367,331
89379,335
89391,331
89402,331
89413,336
89424,332
89436,339
89448,337
89459,335
89470,337
89482,336
89493,341
89504,337
89517,341
89528,340
89539,340
89550,340
89562,339
89573,335
89585,339
89596,338
89608,345
89619,336
89630,339
89643,337
89654,342
89665,340
89676,341
89688,341
89699,344
89711,343
89722,343
89734,346
89745,344
89756,347
89767,344
89780,350
89791,350
89802,350
89814,350
89825,350
89836,352
89848,351
89860,352
89871,355
89882,354
89893,355
89905,357
89917,357
89928,358
89939,356
89951,360
89962,356
89973,364
89986,358
89997,373
90008,358
90019,365
90031,391
90043,367
90054,380
90065,401
90077,391
90088,404
90099,417
90112,415
90123,401
90134,432
90145,414
90157,419
90168,436
90180,427
90191,422
90203,432
90214,418
90225,428
90236,426
90249,433
90260,429
90271,431
90283,422
90294,414
90305,415
90317,422
90329,412
90340,404
90351,429
90362,402
90375,403
90386,382
90397,414
90408,403
90420,370
90431,399
90443,393
90455,390
90466,372
90477,397
90488,361
90500,387
90512,362
90523,369
90534,368
90546,353
90557,353
90568,352
90580,350
90592,342
90603,335
90614,334
90626,327
90637,321
90649,318
90660,312
90672,310
90683,309
90694,296
90705,304
90718,307
90729,301
90740,299
90752,306
90763,301
90775,307
90786,303
90798,305
90809,300
90820,301
90831,291
90844,304
90855,288
90866,293
90877,296
90889,297
90900,274
90912,302
90924,290
90935,289
90946,289
90957,289
90969,293
90981,294
90992,293
91003,287
91015,290
91026,289
91037,292
91049,289
91061,293
91072,289
91083,284
91095,291
91107,291
91118,288
91129,288
91141,287
91152,291
91163,294
91175,292
91187,292
91198,294
91209,293
91220,292
91232,292
91244,293
91255,290
91267,296
91278,295
91289,293
91300,296
91313,293
91324,291
91335,289
91346,301
91358,296
91369,300
91381,296
91393,297
91404,303
91415,295
91426,307
91438,300
91450,304
91461,302
91472,302
91484,299
91495,299
91507,304
91518,306
91530,307
91541,304
91552,312
91564,310
91576,310
91587,307
91598,313
91610,310
91621,313
91632,312
91644,312
91656,319
91667,315
91678,316
91689,320
91701,319
91713,317
91724,318
91736,317
91747,323
91758,322
91769,323
91782,324
91793,325
91804,324
91815,326
91827,322
91839,326
91850,325
91862,322
91873,319
91884,322
91895,325
91908,322
91919,322
91930,323
91941,324
91953,318
91964,316
91976,324
91987,323
91999,319
92010,325
92021,309
92033,318
92045,320
92056,321
92067,324
92079,341
92090,320
92101,326
92113,325
92125,330
92136,321
92147,359
92158,312
92170,369
92182,339
92193,367
92205,356
92216,376
92227,360
92239,393
92251,369
92262,399
92273,361
92284,419
92296,375
92308,393
92319,372
92331,397
92342,398
92353,379
92364,406
92377,377
92388,385
92399,380
92410,385
92422,373
92433,370
92445,361
92456,397
92468,345
92479,373
92490,366
92502,367
92514,362
92525,353
92536,357
92548,360
92559,349
92571,346
92582,367
92594,341
92605,354
92616,346
92627,342
92640,340
92651,338
92662,328
92674,351
92685,321
92696,353
92708,330
92720,328
92731,324
92742,328
92753,324
92765,323
92777,317
92788,312
92800,315
92811,317
92822,317
92833,312
92846,317
92857,316
92868,313
92879,320
92891,311
92902,315
92914,309
92925,312
92937,309
92948,308
92959,306
92972,303
92983,296
92994,305
93005,305
93017,301
93028,288
93040,305
93051,291
93063,305
93074,300
93085,300
93096,297
93109,298
93120,296
93131,303
93143,292
93154,304
93165,296
93177,300
93189,298
93200,302
93211,297
93222,301
93234,298
93246,308
93257,301
93268,300
93280,304
93291,306
93303,309
93315,303
93326,308
93337,305
93348,311
93360,307
93372,303
93383,306
93394,309
93406,313
93417,308
93428,310
93441,310
93452,317
93463,308
93474,311
93486,316
93497,319
93509,318
93520,316
93532,317
93543,320
93554,319
93565,316
93578,323
93589,320
93600,326
93612,316
93623,324
93634,322
93646,320
93658,319
93669,322
93680,322
93691,320
93704,324
93715,323
93726,324
93737,323
93749,319
93760,321
93772,328
93784,322
93795,334
93806,324
93817,329
93829,331
93841,330
93852,331
93863,327
93875,331
93886,330
93897,331
93910,330
93921,332
93932,330
93943,330
93955,333
93966,332
93978,330
93989,335
94001,332
94012,333
94023,332
94035,339
94047,333
94058,340
94069,340
94081,332
94092,344
94104,333
94115,335
94127,337
94138,324
94149,330
94160,340
94173,331
94184,330
94195,361
94206,334
94218,372
94229,366
94241,390
94253,375
94264,398
94275,399
94286,381
94298,422
94310,384
94321,425
94332,391
94344,422
94355,405
94366,413
94379,396
94390,389
94401,410
94412,390
94424,397
94436,380
94447,381
94458,379
94470,388
94481,365
94492,377
94504,364
94516,365
94527,363
94538,361
94550,353
94561,355
94573,357
94584,344
94596,349
94607,354
94618,339
94629,340
94642,334
94653,344
94664,325
94675,330
94687,349
94698,329
94710,322
94722,332
94733,325
94744,317
94755,313
94768,317
94779,316
94790,312
94801,307
94813,305
94824,302
94836,300
94848,301
94859,303
94870,299
94881,303
94893,307
94905,303
94916,304
94927,303
94939,300
94950,302
94961,301
94973,297
94985,301
94996,299
95007,297
95019,296
95030,297
95042,296
95053,291
95065,294
95076,295
95087,294
95098,294
95111,297
95122,295
95133,292
95144,299
95156,296
95168,298
95179,296
95191,300
95202,306
95213,292
95224,301
95237,298
95248,303
95259,297
95270,299
95282,311
95293,301
95305,303
95316,309
95328,302
95339,308
95350,305
95362,308
95374,307
95385,307
95396,311
95408,305
95419,316
95430,311
95442,308
95454,314
95465,312
95476,313
95488,315
95500,313
95511,315
95522,316
95534,315
95545,312
95556,319
95568,307
95580,310
95591,303
95602,304
95613,305
95625,295
95637,306
95648,308
95660,310
95671,312
95682,309
95693,318
95706,316
95717,321
95728,320
95739,320
95751,317
95762,324
95774,326
95785,323
95797,325
95808,326
95819,331
95831,323
95843,329
95854,329
95865,329
95877,332
95888,332
95900,329
95911,330
95923,325
95934,324
95945,334
95956,329
95969,333
95980,331
95991,333
96003,333
96014,327
96025,336
96037,332
96049,332
96060,330
96071,333
96082,331
96094,334
96106,334
96117,332
96129,333
96140,335
96151,331
96162,333
96175,335
96186,333
96197,336
96208,344
96220,332
96232,342
96243,340
96254,334
96266,332
96277,326
96288,346
96301,330
96312,343
96323,342
96334,360
96346,354
96357,366
96369,358
96380,408
96392,368
96403,410
96414,377
96425,410
96438,406
96449,387
96460,427
96472,407
96483,391
96494,408
96506,410
96518,416
96529,381
96540,410
96551,385
96563,411
96575,360
96586,388
96598,375
96609,392
96620,378
96632,352
96644,385
96655,357
96666,364
96677,363
96689,367
96701,353
96712,367
96723,346
96735,348
96746,346
96757,350
96770,342
96781,349
96792,332
96803,339
96815,333
96826,329
96838,323
96849,324
96861,317
96872,316
96883,315
96894,309
96907,305
96918,304
96929,301
96941,292
96952,290
96964,288
96975,275
96987,277
96998,274
97009,279
97020,279
97033,278
97044,280
97055,281
97067,280
97078,282
97089,280
97101,285
97113,287
97124,284
97135,288
97146,288
97158,291
97170,291
97181,294
97192,294
97204,293
97215,293
97226,291
97239,299
97250,300
97261,295
97272,298
97284,301
97295,300
97307,302
97318,299
97330,306
97341,298
97352,309
97364,304
97376,300
97387,311
97398,306
97410,308
97421,312
97433,309
97444,312
97456,309
97467,314
97478,314
97489,311
97502,315
97513,315
97524,320
97536,320
97547,319
97558,316
97570,325
97582,324
97593,324
97604,324
97615,319
97627,338
97639,332
97650,330
97661,323
97673,333
97684,334
97696,332
97708,332
97719,335
97730,335
97741,339
97753,337
97765,339
97776,343
97787,344
97799,346
97810,342
97821,348
97833,347
97845,350
97856,342
97867,339
97879,350
97890,350
97902,351
97913,353
97925,351
97936,354
97947,351
97958,356
97971,357
97982,357
97993,363
98004,359
98016,357
98027,359
98039,361
98051,361
98062,361
98073,360
98084,362
98097,360
98108,362
98119,360
98130,361
98142,361
98153,360
98165,362
98177,358
98188,361
98199,358
98210,360
98222,360
98234,359
98245,363
98256,358
98268,363
98279,362
98290,364
98302,359
98314,366
98325,365
98336,352
98348,366
98359,367
98371,355
98382,363
98394,359
98405,363
98416,366
98428,361
98440,384
98451,371
98462,387
98473,401
98485,407
98497,375
98508,414
98520,418
98531,394
98542,402
98553,432
98566,386
98577,420
98588,413
98599,407
98611,410
98622,404
98634,390
98646,401
98657,409
98668,376
98679,399
98691,375
98703,386
98714,366
98725,382
98737,385
98748,348
98759,377
98771,360
98783,365
98794,369
98805,356
98817,351
98829,336
98840,350
98851,357
98863,333
98874,359
98885,333
98897,335
98909,334
98920,335
98931,321
98942,324
98954,319
98966,312
98977,298
98989,285
99000,261
99011,249
99022,235
99035,231
99046,224
99057,221
99068,225
99080,230
99091,239
99103,247
99115,257
99126,260
99137,268
99148,278
99161,280
99172,285
99183,289
99194,292
99206,293
99217,300
99229,296
99240,298
99252,302
99263,299
99274,305
99286,298
99298,304
99309,303
99320,287
99332,305
99343,299
99354,300
99366,299
99378,297
99389,309
99400,292
99411,302
99423,307
99435,292
99446,301
99458,296
99469,309
99480,298
99491,301
99504,306
99515,300
99526,305
99537,300
99549,302
99561,301
99572,304
99584,305
99595,301
99606,305
99617,306
99630,307
99641,306
99652,307
99663,309
99675,306
99686,307
99698,310
99709,310
99721,307
99732,310
99743,312
99755,312
99767,309
99778,313
99789,315
99801,317
99812,318
99823,323
99835,321
99847,323
99858,324
99869,324
99880,324
99893,326
99904,327
99915,329
99927,327
99938,326
99949,326
99961,326
99973,333
99984,329
99995,328
100006,327
100019,328
100032,332
100044,322
100057,331
100069,319
100081,323
100094,320
100107,325
100119,320
100131,322
100144,323
100156,324
100169,324
100182,323
100194,322
100206,326
100218,328
100232,323
100244,325
100256,324
100269,327
100281,323
100294,324
100306,327
100319,329
100331,327
100343,332
100356,328
100369,328
100381,329
100393,332
100406,327
100418,322
100431,336
100444,330
100456,332
100468,332
100481,329
100494,339
100506,341
100518,351
100531,343
100543,337
100555,354
100569,343
100581,336
100593,357
100605,362
100618,361
100631,370
100643,385
100656,381
100668,401
100680,380
100694,411
100706,403
100718,386
100730,411
100743,411
100755,416
100768,404
100781,408
100793,404
100805,421
100817,387
100831,408
100843,398
100855,404
100868,350
100880,453
100893,361
100905,406
100918,356
100930,396
100942,378
100955,369
100968,385
100980,373
100993,365
101005,385
101017,359
101030,352
101043,370
101055,341
101067,357
101080,342
101093,341
101105,338
101117,329
101130,328
101142,315
101154,318
101168,307
101180,314
101192,299
101204,303
101217,292
101230,296
101242,289
101255,288
101267,287
101279,292
101293,288
101305,293
101317,288
101329,287
101342,289
101354,287
101367,293
101380,287
101392,283
101404,288
101416,292
101430,288
101442,295
101454,293
101467,290
101479,291
101492,288
101505,292
101517,289
101529,288
101541,297
101554,290
101567,290
101579,310
101592,290
101604,303
101616,293
101629,301
101642,290
101654,304
101666,299
101679,301
101692,301
101704,304
101716,300
101729,295
101741,301
101753,301
101767,293
101779,302
101791,296
101804,296
101816,297
101829,294
101841,299
101854,292
101866,296
101878,294
101892,297
101904,300
101916,298
101928,303
101941,293
101953,296
101966,308
101979,293
101991,305
102003,294
102016,321
102029,303
102041,318
102053,314
102066,315
102078,314
102091,320
102104,316
102116,316
102128,324
102140,321
102153,321
102166,320
102178,324
102191,328
102203,323
102215,330
102228,326
102241,332
102253,326
102265,329
102278,328
102291,326
102303,328
102316,325
102328,316
102340,307
102352,296
102366,280
102378,273
102390,285
102403,288
102415,298
102428,306
102440,318
102453,322
102465,319
102477,326
102491,315
102503,314
102515,299
102528,286
102540,284
102552,296
102565,305
102578,324
102590,335
102602,342
102615,360
102628,360
102640,369
102652,374
102665,373
102677,405
102690,387
102703,416
102715,418
102727,417
102739,441
102752,426
102765,442
102777,432
102790,447
102802,441
102814,432
102828,426
102840,450
102852,421
102864,428
102877,412
102890,420
102902,409
102915,407
102927,398
102939,407
102951,392
102965,396
102977,391
102989,379
103002,386
103014,377
103027,359
103040,386
103052,369
103064,358
103076,364
103090,351
103102,364
103114,349
103127,349
103139,343
103151,341
103164,334
103177,334
103189,328
103201,324
103214,321
103227,318
103239,321
103251,314
103264,317
103276,316
103289,314
103302,312
103314,309
103326,310
103339,307
103351,306
103364,300
103376,296
103389,295
103401,298
103413,293
103427,289
103439,288
103451,290
103463,283
103476,288
103489,285
103501,285
103514,284
103526,283
103538,288
103550,281
103564,281
103576,278
103588,280
103601,286
103613,293
103626,284
103639,289
103651,289
103663,288
103675,292
103689,288
103701,291
103713,294
103726,297
103738,289
103750,297
103763,295
103776,297
103788,294
103800,297
103813,297
103826,304
103838,300
103851,302
103863,298
103875,309
103888,309
103901,309
103913,313
103925,318
103938,319
103950,320
103963,321
103975,321
103988,320
104000,323
104012,319
104026,321
104038,324
104050,315
104062,318
104075,317
104088,311
104100,305
104113,295
104125,279
104137,279
104150,274
104163,266
104175,273
104187,273
104200,280
104212,282
104225,290
104238,295
104250,301
104262,309
104274,320
104288,326
104300,327
104312,328
104325,336
104337,339
104349,346
104363,341
104375,351
104387,348
104399,348
104412,352
104425,351
104437,348
104450,349
104462,348
104474,355
104487,354
104500,351
104512,353
104524,354
104537,354
104549,355
104562,356
104574,356
104587,357
104599,359
104611,358
104625,361
104637,358
104649,357
104662,359
104674,346
104687,353
104699,345
104712,344
104724,338
104736,340
104749,341
104762,346
104774,362
104786,376
104799,370
104811,387
104824,397
104837,391
104849,406
104861,389
104873,420
104887,411
104899,393
104911,421
104924,412
104936,416
104948,406
104962,425
104974,415
104986,403
104998,419
105011,416
105024,410
105036,412
105049,412
105061,400
105073,410
105086,397
105099,390
105111,395
105123,399
105136,404
105148,386
105161,398
105174,393
105186,396
105198,391
105210,389
105224,395
105236,391
105248,388
105261,387
105273,385
105286,379
105298,383
105311,376
105323,376
105335,374
105348,375
105361,370
105373,367
105385,369
105398,367
105410,363
105423,365
105436,364
105448,366
105460,368
105473,370
105486,366
105498,370
105510,368
105523,369
105535,367
105547,363
105561,366
105573,365
105585,357
105597,370
105610,359
105623,362
105635,356
105648,361
105660,358
105672,359
105686,357
105698,353
105710,356
105722,353
105735,352
105747,355
105760,351
105773,348
105785,346
105797,348
105809,344
105823,346
105835,342
105847,335
105860,342
105872,341
105885,340
105897,341
105910,340
105922,335
105934,336
105947,332
105960,333
105972,334
105985,332
105997,331
106009,328
106022,333
106035,331
106047,328
106059,332
106072,327
106085,325
106097,328
106109,325
106122,327
106134,324
106146,326
106160,322
106172,320
106184,323
106196,320
106209,319
106222,320
106234,318
106247,317
106259,319
106271,315
106285,314
106297,314
106309,313
106321,312
106334,314
106346,315
106359,313
106372,314
106384,313
106396,314
106408,312
106422,311
106434,315
106446,311
106459,314
106471,314
106484,312
106497,314
106509,313
106521,315
106533,310
106546,316
106559,312
106571,309
106584,312
106596,313
106608,307
106621,313
106634,310
106646,314
106658,308
106671,312
106684,306
106696,308
106708,323
106721,301
106733,323
106745,340
